model	nDCG
DMF_seed=42_e=25_bs=1024_lr=0$0001_umlp=64-32_imlp=64-32_negratio=5_reg=0$001_sim=cosine	0.0011773545006866775
DMF_seed=42_e=25_bs=1024_lr=0$001_umlp=64-32_imlp=64-32_negratio=5_reg=0$001_sim=cosine	0.0013150187776494683
DMF_seed=42_e=25_bs=1024_lr=0$01_umlp=64-32_imlp=64-32_negratio=5_reg=0$001_sim=cosine	0.001283450325419394
DMF_seed=42_e=25_bs=1024_lr=0$1_umlp=64-32_imlp=64-32_negratio=5_reg=0$001_sim=cosine	0.0019581426221872895
