model	nDCG
DMF_seed=42_e=25_bs=1024_lr=0$0001_umlp=64-32_imlp=64-32_negratio=5_reg=0$001_sim=cosine	0.002843305260499366
DMF_seed=42_e=25_bs=1024_lr=0$001_umlp=64-32_imlp=64-32_negratio=5_reg=0$001_sim=cosine	0.0012315444008480917
DMF_seed=42_e=25_bs=1024_lr=0$01_umlp=64-32_imlp=64-32_negratio=5_reg=0$001_sim=cosine	0.0019867929171009983
DMF_seed=42_e=25_bs=1024_lr=0$1_umlp=64-32_imlp=64-32_negratio=5_reg=0$001_sim=cosine	0.0019814961627129908
