model	nDCG
DMF_seed=42_e=25_bs=1024_lr=0$0001_umlp=64-32_imlp=64-32_negratio=5_reg=0$001_sim=cosine	0.0018250472284633266
DMF_seed=42_e=25_bs=1024_lr=0$001_umlp=64-32_imlp=64-32_negratio=5_reg=0$001_sim=cosine	0.00218636448848134
DMF_seed=42_e=25_bs=1024_lr=0$01_umlp=64-32_imlp=64-32_negratio=5_reg=0$001_sim=cosine	0.0015476318956225952
DMF_seed=42_e=25_bs=1024_lr=0$1_umlp=64-32_imlp=64-32_negratio=5_reg=0$001_sim=cosine	0.0013456219391667855
