model	nDCG
DMF_seed=42_e=25_bs=1024_lr=0$0001_umlp=64-64_imlp=64-64_negratio=5_reg=0$001_sim=cosine	0.0018492760740481996
DMF_seed=42_e=25_bs=1024_lr=0$001_umlp=64-64_imlp=64-64_negratio=5_reg=0$001_sim=cosine	0.0015341017438693968
DMF_seed=42_e=25_bs=1024_lr=0$01_umlp=64-64_imlp=64-64_negratio=5_reg=0$001_sim=cosine	0.0019754960272033526
DMF_seed=42_e=25_bs=1024_lr=0$1_umlp=64-64_imlp=64-64_negratio=5_reg=0$001_sim=cosine	0.0016119735726594483
